{"_step":499,"batch/avg_loss_10":0.6555029869079589,"batch":5097,"_wandb":{"runtime":2460},"_timestamp":1.746387411938439e+09,"_runtime":2459.722992984}