{"batch/avg_loss_10":0.6693191468715668,"epoch/avg_loss":0.6713758052564135,"_wandb":{"runtime":1065},"_step":599,"batch":5097,"_timestamp":1.7463969384671504e+09,"_runtime":1065.829284747,"epoch":50,"learning_rate":4.00041210337715e-05}